claimid,claimer,body
9a92676f,mai,body
9a92676f,mai,body
9a92676f,mai,body
9a92676f,mai,body
9a92676f,mai,body
9a92676f-fbfe-43ad-8a28-3a16f16aca7b,mai,body
9a92676f-fbfe-43ad-8a28-3a16f16aca7b,mai,body
9a92676f-fbfe-43ad-8a28-3a16f16aca7b,mai,body
9a92676f-fbfe-43ad-8a28-3a16f16aca7b,mai,body
9a92676f-fbfe-43ad-8a28-3a16f16aca7b,mai,body
9a92676f-fbfe-43ad-8a28-3a16f16aca7b,mai,body
9a92676f-fbfe-43ad-8a28-3a16f16aca7b,mai,body
9a92676f-fbfe-43ad-8a28-3a16f16aca7b,mai,body
9a92676f-fbfe-43ad-8a28-3a16f16aca7b,mai,body
9a92676f-fbfe-43ad-8a28-3a16f16aca7b,mai,body
9a92676f-fbfe-43ad-8a28-3a16f16aca7b,mai,body
9a92676f-fbfe-43ad-8a28-3a16f16aca7b,mai,body
9a92676f-fbfe-43ad-8a28-3a16f16aca7b,mai,body
9a92676f-fbfe-43ad-8a28-3a16f16aca7b,mai,body
9a92676f-fbfe-43ad-8a28-3a16f16aca7b,mai,body
9a92676f-fbfe-43ad-8a28-3a16f16aca7b,mai,body
9a92676f-fbfe-43ad-8a28-3a16f16aca7b,mai,body
9a92676f-fbfe-43ad-8a28-3a16f16aca7b,mai,body
9a92676f-fbfe-43ad-8a28-3a16f16aca7b,mai,body
9a92676f-fbfe-43ad-8a28-3a16f16aca7b,mai,body
9a92676f-fbfe-43ad-8a28-3a16f16aca7b,mai,body
9a92676f-fbfe-43ad-8a28-3a16f16aca7b,mai,body
9a92676f-fbfe-43ad-8a28-3a16f16aca7b,mai,body
9a92676f-fbfe-43ad-8a28-3a16f16aca7b,mai,body
9a92676f-fbfe-43ad-8a28-3a16f16aca7b,mai,body
9a92676f-fbfe-43ad-8a28-3a16f16aca7b,mai,body
9a92676f-fbfe-43ad-8a28-3a16f16aca7b,mai,body
9a92676f-fbfe-43ad-8a28-3a16f16aca7b,mai,body
9a92676f-fbfe-43ad-8a28-3a16f16aca7b,mai,body
9a92676f-fbfe-43ad-8a28-3a16f16aca7b,mai,body
9a92676f-fbfe-43ad-8a28-3a16f16aca7b,mai,body
9a92676f-fbfe-43ad-8a28-3a16f16aca7b,mai,body
9a92676f-fbfe-43ad-8a28-3a16f16aca7b,mai,body
9a92676f-fbfe-43ad-8a28-3a16f16aca7b,mai,body
9a92676f-fbfe-43ad-8a28-3a16f16aca7b,mai,body
9a92676f-fbfe-43ad-8a28-3a16f16aca7b,mai,body
9a92676f-fbfe-43ad-8a28-3a16f16aca7b,mai,body
9a92676f-fbfe-43ad-8a28-3a16f16aca7b,mai,body
9a92676f-fbfe-43ad-8a28-3a16f16aca7b,mai,body
9a92676f-fbfe-43ad-8a28-3a16f16aca7b,mai,body
9a92676f-fbfe-43ad-8a28-3a16f16aca7b,mai,body
9a92676f-fbfe-43ad-8a28-3a16f16aca7b,mai,body
9a92676f-fbfe-43ad-8a28-3a16f16aca7b,mai,body
9a92676f-fbfe-43ad-8a28-3a16f16aca7b,mai,body
9a92676f-fbfe-43ad-8a28-3a16f16aca7b,mai,body
9a92676f-fbfe-43ad-8a28-3a16f16aca7b,mai,body
9a92676f-fbfe-43ad-8a28-3a16f16aca7b,mai,body
9a92676f-fbfe-43ad-8a28-3a16f16aca7b,mai,body
9a92676f-fbfe-43ad-8a28-3a16f16aca7b,mai,body
9a92676f-fbfe-43ad-8a28-3a16f16aca7b,mai,body
9a92676f-fbfe-43ad-8a28-3a16f16aca7b,mai,body
9a92676f-fbfe-43ad-8a28-3a16f16aca7b,mai,body
9a92676f-fbfe-43ad-8a28-3a16f16aca7b,mai,body
9a92676f-fbfe-43ad-8a28-3a16f16aca7b,mai,body
9a92676f-fbfe-43ad-8a28-3a16f16aca7b,mai,body
9a92676f-fbfe-43ad-8a28-3a16f16aca7b,mai,body
9a92676f-fbfe-43ad-8a28-3a16f16aca7b,mai,body
9a92676f-fbfe-43ad-8a28-3a16f16aca7b,mai,body
9a92676f-fbfe-43ad-8a28-3a16f16aca7b,mai,body
9a92676f-fbfe-43ad-8a28-3a16f16aca7b,mai,body
9a92676f-fbfe-43ad-8a28-3a16f16aca7b,mai,body
9a92676f-fbfe-43ad-8a28-3a16f16aca7b,mai,body
9a92676f-fbfe-43ad-8a28-3a16f16aca7b,mai,body
9a92676f-fbfe-43ad-8a28-3a16f16aca7b,mai,body
9a92676f-fbfe-43ad-8a28-3a16f16aca7b,mai,body
9a92676f-fbfe-43ad-8a28-3a16f16aca7b,mai,body
9a92676f-fbfe-43ad-8a28-3a16f16aca7b,mai,body
9a92676f-fbfe-43ad-8a28-3a16f16aca7b,mai,body
9a92676f-fbfe-43ad-8a28-3a16f16aca7b,mai,body
9a92676f-fbfe-43ad-8a28-3a16f16aca7b,mai,body
9a92676f-fbfe-43ad-8a28-3a16f16aca7b,mai,body
9a92676f-fbfe-43ad-8a28-3a16f16aca7b,mai,body
9a92676f-fbfe-43ad-8a28-3a16f16aca7b,mai,body
9a92676f-fbfe-43ad-8a28-3a16f16aca7b,mai,body
9a92676f-fbfe-43ad-8a28-3a16f16aca7b,mai,body
9a92676f-fbfe-43ad-8a28-3a16f16aca7b,mai,body
9a92676f-fbfe-43ad-8a28-3a16f16aca7b,mai,body
9a92676f-fbfe-43ad-8a28-3a16f16aca7b,mai,body
9a92676f-fbfe-43ad-8a28-3a16f16aca7b,mai,body
9a92676f-fbfe-43ad-8a28-3a16f16aca7b,mai,body
9a92676f-fbfe-43ad-8a28-3a16f16aca7b,mai,body
9a92676f-fbfe-43ad-8a28-3a16f16aca7b,mai,body
9a92676f-fbfe-43ad-8a28-3a16f16aca7b,mai,body
9a92676f-fbfe-43ad-8a28-3a16f16aca7b,mai,body
9a92676f-fbfe-43ad-8a28-3a16f16aca7b,mai,body
9a92676f-fbfe-43ad-8a28-3a16f16aca7b,mai,body
9a92676f-fbfe-43ad-8a28-3a16f16aca7b,mai,body
9a92676f-fbfe-43ad-8a28-3a16f16aca7b,mai,body
9a92676f-fbfe-43ad-8a28-3a16f16aca7b,mai,body
9a92676f-fbfe-43ad-8a28-3a16f16aca7b,mai,body
9a92676f-fbfe-43ad-8a28-3a16f16aca7b,mai,body
9a92676f-fbfe-43ad-8a28-3a16f16aca7b,mai,body
9a92676f-fbfe-43ad-8a28-3a16f16aca7b,mai,body
9a92676f-fbfe-43ad-8a28-3a16f16aca7b,mai,body
9a92676f-fbfe-43ad-8a28-3a16f16aca7b,mai,body
9a92676f-fbfe-43ad-8a28-3a16f16aca7b,mai,body
9a92676f-fbfe-43ad-8a28-3a16f16aca7b,mai,body
9a92676f-fbfe-43ad-8a28-3a16f16aca7b,mai,body
9a92676f-fbfe-43ad-8a28-3a16f16aca7b,mai,body
9a92676f-fbfe-43ad-8a28-3a16f16aca7b,mai,body
9a92676f-fbfe-43ad-8a28-3a16f16aca7b,mai,body
9a92676f-fbfe-43ad-8a28-3a16f16aca7b,mai,body
9a92676f-fbfe-43ad-8a28-3a16f16aca7b,mai,body
9a92676f-fbfe-43ad-8a28-3a16f16aca7b,mai,body
9a92676f-fbfe-43ad-8a28-3a16f16aca7b,mai,body
9a92676f-fbfe-43ad-8a28-3a16f16aca7b,mai,body
9a92676f-fbfe-43ad-8a28-3a16f16aca7b,mai,body
9a92676f-fbfe-43ad-8a28-3a16f16aca7b,mai,body
9a92676f-fbfe-43ad-8a28-3a16f16aca7b,mai,body
9a92676f-fbfe-43ad-8a28-3a16f16aca7b,mai,body
9a92676f-fbfe-43ad-8a28-3a16f16aca7b,mai,body
9a92676f-fbfe-43ad-8a28-3a16f16aca7b,mai,body
9a92676f-fbfe-43ad-8a28-3a16f16aca7b,mai,body
9a92676f-fbfe-43ad-8a28-3a16f16aca7b,mai,body
9a92676f-fbfe-43ad-8a28-3a16f16aca7b,mai,body
9a92676f-fbfe-43ad-8a28-3a16f16aca7b,mai,body
9a92676f-fbfe-43ad-8a28-3a16f16aca7b,mai,body
9a92676f-fbfe-43ad-8a28-3a16f16aca7b,mai,body
9a92676f-fbfe-43ad-8a28-3a16f16aca7b,mai,body
9a92676f-fbfe-43ad-8a28-3a16f16aca7b,mai,body
9a92676f-fbfe-43ad-8a28-3a16f16aca7b,mai,body
9a92676f-fbfe-43ad-8a28-3a16f16aca7b,mai,body
9a92676f-fbfe-43ad-8a28-3a16f16aca7b,mai,body
9a92676f-fbfe-43ad-8a28-3a16f16aca7b,mai,body
9a92676f-fbfe-43ad-8a28-3a16f16aca7b,mai,body
9a92676f-fbfe-43ad-8a28-3a16f16aca7b,mai,body
9a92676f-fbfe-43ad-8a28-3a16f16aca7b,mai,body
9a92676f-fbfe-43ad-8a28-3a16f16aca7b,mai,body
9a92676f-fbfe-43ad-8a28-3a16f16aca7b,mai,body
9a92676f-fbfe-43ad-8a28-3a16f16aca7b,mai,body
9a92676f-fbfe-43ad-8a28-3a16f16aca7b,mai,body
9a92676f-fbfe-43ad-8a28-3a16f16aca7b,mai,body
9a92676f-fbfe-43ad-8a28-3a16f16aca7b,mai,body
9a92676f-fbfe-43ad-8a28-3a16f16aca7b,mai,body
9a92676f-fbfe-43ad-8a28-3a16f16aca7b,mai,body
9a92676f-fbfe-43ad-8a28-3a16f16aca7b,mai,body
9a92676f-fbfe-43ad-8a28-3a16f16aca7b,mai,body
9a92676f-fbfe-43ad-8a28-3a16f16aca7b,mai,body
9a92676f-fbfe-43ad-8a28-3a16f16aca7b,mai,body
9a92676f-fbfe-43ad-8a28-3a16f16aca7b,mai,body
9a92676f-fbfe-43ad-8a28-3a16f16aca7b,mai,body
9a92676f-fbfe-43ad-8a28-3a16f16aca7b,mai,body
9a92676f-fbfe-43ad-8a28-3a16f16aca7b,mai,body
9a92676f-fbfe-43ad-8a28-3a16f16aca7b,mai,body
9a92676f-fbfe-43ad-8a28-3a16f16aca7b,mai,body
9a92676f-fbfe-43ad-8a28-3a16f16aca7b,mai,body
9a92676f-fbfe-43ad-8a28-3a16f16aca7b,mai,body
9a92676f-fbfe-43ad-8a28-3a16f16aca7b,mai,body
9a92676f-fbfe-43ad-8a28-3a16f16aca7b,mai,body
9a92676f-fbfe-43ad-8a28-3a16f16aca7b,mai,body
9a92676f-fbfe-43ad-8a28-3a16f16aca7b,mai,body
9a92676f-fbfe-43ad-8a28-3a16f16aca7b,mai,body
9a92676f-fbfe-43ad-8a28-3a16f16aca7b,mai,body
9a92676f-fbfe-43ad-8a28-3a16f16aca7b,mai,body
9a92676f-fbfe-43ad-8a28-3a16f16aca7b,mai,body
9a92676f-fbfe-43ad-8a28-3a16f16aca7b,mai,body
9a92676f-fbfe-43ad-8a28-3a16f16aca7b,mai,body
9a92676f-fbfe-43ad-8a28-3a16f16aca7b,mai,body
9a92676f-fbfe-43ad-8a28-3a16f16aca7b,mai,body
9a92676f-fbfe-43ad-8a28-3a16f16aca7b,mai,body
9a92676f-fbfe-43ad-8a28-3a16f16aca7b,mai,body
9a92676f-fbfe-43ad-8a28-3a16f16aca7b,mai,body
9a92676f-fbfe-43ad-8a28-3a16f16aca7b,mai,body
9a92676f-fbfe-43ad-8a28-3a16f16aca7b,mai,body
9a92676f-fbfe-43ad-8a28-3a16f16aca7b,mai,body
9a92676f-fbfe-43ad-8a28-3a16f16aca7b,mai,body
9a92676f-fbfe-43ad-8a28-3a16f16aca7b,mai,body
9a92676f-fbfe-43ad-8a28-3a16f16aca7b,mai,body
9a92676f-fbfe-43ad-8a28-3a16f16aca7b,mai,body
9a92676f-fbfe-43ad-8a28-3a16f16aca7b,mai,body
9a92676f-fbfe-43ad-8a28-3a16f16aca7b,mai,body
9a92676f-fbfe-43ad-8a28-3a16f16aca7b,mai,body
9a92676f-fbfe-43ad-8a28-3a16f16aca7b,mai,body
9a92676f-fbfe-43ad-8a28-3a16f16aca7b,mai,body
9a92676f-fbfe-43ad-8a28-3a16f16aca7b,mai,body
9a92676f-fbfe-43ad-8a28-3a16f16aca7b,mai,body
9a92676f-fbfe-43ad-8a28-3a16f16aca7b,mai,body
9a92676f-fbfe-43ad-8a28-3a16f16aca7b,mai,body
9a92676f-fbfe-43ad-8a28-3a16f16aca7b,mai,body
9a92676f-fbfe-43ad-8a28-3a16f16aca7b,mai,body
9a92676f-fbfe-43ad-8a28-3a16f16aca7b,mai,body
9a92676f-fbfe-43ad-8a28-3a16f16aca7b,mai,body
9a92676f-fbfe-43ad-8a28-3a16f16aca7b,mai,body
9a92676f-fbfe-43ad-8a28-3a16f16aca7b,mai,body
9a92676f-fbfe-43ad-8a28-3a16f16aca7b,mai,body
9a92676f-fbfe-43ad-8a28-3a16f16aca7b,mai,body
9a92676f-fbfe-43ad-8a28-3a16f16aca7b,mai,body
9a92676f-fbfe-43ad-8a28-3a16f16aca7b,mai,body
9a92676f-fbfe-43ad-8a28-3a16f16aca7b,mai,body
9a92676f-fbfe-43ad-8a28-3a16f16aca7b,mai,body
9a92676f-fbfe-43ad-8a28-3a16f16aca7b,mai,body
9a92676f-fbfe-43ad-8a28-3a16f16aca7b,mai,body
9a92676f-fbfe-43ad-8a28-3a16f16aca7b,mai,body
9a92676f-fbfe-43ad-8a28-3a16f16aca7b,mai,body
9a92676f-fbfe-43ad-8a28-3a16f16aca7b,mai,body
9a92676f-fbfe-43ad-8a28-3a16f16aca7b,mai,body
9a92676f-fbfe-43ad-8a28-3a16f16aca7b,mai,body
9a92676f-fbfe-43ad-8a28-3a16f16aca7b,mai,body
9a92676f-fbfe-43ad-8a28-3a16f16aca7b,mai,body
9a92676f-fbfe-43ad-8a28-3a16f16aca7b,mai,body
9a92676f-fbfe-43ad-8a28-3a16f16aca7b,mai,body
                                        ,body